{
  "project_info": {
    "project_number": "214177830169",
    "project_id": "lv2-ena",
    "storage_bucket": "lv2-ena.appspot.com"
  },
  "client": [
    {
      "client_info": {
        "mobilesdk_app_id": "1:214177830169:android:4e7efed59623b26175a188",
        "android_client_info": {
          "package_name": "rma.lv1"
        }
      },
      "oauth_client": [],
      "api_key": [
        {
          "current_key": "AIzaSyDjbRugxDAbgDUA1opckVMA8Suq4M7dTA0"
        }
      ],
      "services": {
        "appinvite_service": {
          "other_platform_oauth_client": []
        }
      }
    }
  ],
  "configuration_version": "1"
}